Doc Date,Customer,Sales,Product,Amount,Unit Price
1/1/2025,Jiamei-Yangjiang,Linda,Door Bolt,600,27.18
1/1/2025,Hanxin-Hangzhou,Linda,Door stopper,1200,14.36
1/1/2025,Keli-Hainan,Wangxia,Door Bolt,360,26.92
1/1/2025,Weijia-Shanghai,Linda,Door stopper,600,14.44
1/1/2025,Haijiang-Ningbo,Yeqing,Sign plate ,600,6.75
1/1/2025, Ruihe-Nanjing Ruihe-Nanjing,Linda,Door stopper,5600,13.68
1/2/2025,Xindi-ZhenjiangXindi-Zhenjiang,Yeqing,Sign plate ,360,6.67
1/2/2025, Dashun-Shenzhen Dashun-Shenzhen,Wangxia,Sign plate ,1280,5.64
1/2/2025,Jinbai-Wenzhou,Yeqing,Door Bolt,110,26.67
1/2/2025,Boyu-Qingdao,Yeqing,Door knocker,760,37.5
1/2/2025,Jiamei-Yangjiang,Linda,Sign plate ,1150,5.73
1/2/2025,Hanxin-Hangzhou,Linda,Door knocker,1000,36
1/5/2025,Keli-Hainan,Linda,Sign plate ,1000,5.9
1/5/2025,Weijia-Shanghai,Linda,Door Bolt,1200,25.21
1/5/2025,Haijiang-Ningbo,Wangxia,Door Bolt,500,28.21
1/5/2025, Ruihe-Nanjing,Linda,Door knocker,3520,36.7
1/6/2025,,,Door knocker,,12
1/5/2025,Xindi-Zhenjiang,Yeqing,Door Bolt,780,27.35
1/5/2025,Jinbai-Wenzhou,Wangxia,Door stopper,800,13.68
1/5/2025,Boyu-Qingdao,Wangxia,Door Bolt,500,27.78
1/6/2025, Dashun-Shenzhen,Yeqing,Door stopper,1500,13.25
1/6/2025,Hanxin-Hangzhou,Linda,Door Bolt,3800,26.07
1/6/2025,Keli-Hainan,Wangxia,Door knocker,2200,35.7
1/6/2025,Jiamei-Yangjiang,Linda,Door stopper,1000,13.5
1/6/2025,Weijia-Shanghai,Linda,Door Bolt,3600,26.5
1/6/2025, Ruihe-Nanjing,Wangxia,Door Bolt,16800,23.93
1/7/2025,Jiamei-Yangjiang,Linda,Sign plate ,1150,5.73
1/7/2025,Hanxin-Hangzhou,Linda,Door knocker,1000,36
1/7/2025,Keli-Hainan,Linda,Sign plate ,1000,5.9
1/7/2025,Weijia-Shanghai,Linda,Door Bolt,1200,25.21
1/7/2025,Haijiang-Ningbo,Wangxia,Door Bolt,500,28.21
1/8/2025, Ruihe-Nanjing,Linda,Door knocker,3520,36.7
1/8/2025,Xindi-Zhenjiang,Yeqing,Door Bolt,780,27.35
1/8/2025,Jinbai-Wenzhou,Wangxia,Door stopper,800,13.68
1/8/2025,Boyu-Qingdao,Wangxia,Door Bolt,500,27.78
1/9/2025, Dashun-Shenzhen,Yeqing,Door stopper,1500,13.25
1/9/2025,Hanxin-Hangzhou,Linda,Door Bolt,3800,26.07
1/9/2025,Keli-Hainan,Wangxia,Door knocker,2200,35.7
1/9/2025,Jiamei-Yangjiang,Linda,Door stopper,1000,13.5
1/9/2025,Weijia-Shanghai,Linda,Door Bolt,3600,26.5
1/9/2025, Ruihe-Nanjing,Wangxia,Door Bolt,16800,23.93
1/9/2025,Jiamei-Yangjiang,Linda,Sign plate ,1150,5.73
1/9/2025,Hanxin-Hangzhou,Linda,Door knocker,1000,36
1/12/2025,Keli-Hainan,Linda,Sign plate ,1000,5.9
1/12/2025,Weijia-Shanghai,Linda,Door Bolt,1200,25.21
1/12/2025,Haijiang-Ningbo,Wangxia,Door Bolt,500,28.21
1/12/2025, Ruihe-Nanjing,Linda,Door knocker,3520,36.7
1/13/2025,Xindi-Zhenjiang,Yeqing,Door Bolt,780,27.35
1/13/2025,Jinbai-Wenzhou,Wangxia,Door stopper,800,13.68
1/13/2025,Boyu-Qingdao,Wangxia,Door Bolt,500,27.78
1/13/2025, Dashun-Shenzhen,Yeqing,Door stopper,1500,13.25
1/13/2025,Hanxin-Hangzhou,Linda,Door Bolt,3800,26.07
1/13/2025,Keli-Hainan,Wangxia,Door knocker,2200,35.7
1/13/2025,Jiamei-Yangjiang,Linda,Door stopper,1000,13.5
1/13/2025,Weijia-Shanghai,Linda,Door Bolt,3600,26.5
1/13/2025, Ruihe-Nanjing,Wangxia,Door Bolt,16800,23.93
1/13/2025,Jiamei-Yangjiang,Linda,Door Bolt,600,27.18
1/14/2025,Hanxin-Hangzhou,Linda,Door stopper,1200,14.36
1/14/2025,Keli-Hainan,Wangxia,Door Bolt,360,26.92
1/14/2025,Weijia-Shanghai,Linda,Door stopper,600,14.44
1/14/2025,Haijiang-Ningbo,Yeqing,Sign plate ,600,6.75
1/14/2025, Ruihe-Nanjing,Linda,Door stopper,5600,13.68
1/14/2025,Xindi-Zhenjiang,Yeqing,Sign plate ,360,6.67
1/14/2025, Dashun-Shenzhen,Wangxia,Sign plate ,1280,5.64
1/14/2025,Jinbai-Wenzhou,Yeqing,Door Bolt,110,26.67
1/15/2025,Boyu-Qingdao,Yeqing,Door knocker,760,37.5
1/15/2025,Jiamei-Yangjiang,Linda,Sign plate ,1150,5.73
1/15/2025,Hanxin-Hangzhou,Linda,Door knocker,1000,36
1/15/2025,Keli-Hainan,Linda,Sign plate ,1000,5.9
1/15/2025,Weijia-Shanghai,Linda,Door Bolt,1200,25.21
1/15/2025,Haijiang-Ningbo,Wangxia,Door Bolt,500,28.21
1/15/2025, Ruihe-Nanjing,Linda,Door knocker,3520,36.7
1/16/2025,Xindi-Zhenjiang,Yeqing,Door Bolt,780,27.35
1/16/2025,Jinbai-Wenzhou,Wangxia,Door stopper,800,13.68
1/16/2025,Boyu-Qingdao,Wangxia,Door Bolt,500,27.78
1/16/2025, Dashun-Shenzhen,Yeqing,Door stopper,1500,13.25
1/16/2025,Hanxin-Hangzhou,Linda,Door Bolt,3800,26.07
1/16/2025,Keli-Hainan,Wangxia,Door knocker,2200,35.7
1/16/2025,Jiamei-Yangjiang,Linda,Door stopper,1000,13.5
1/16/2025,Weijia-Shanghai,Linda,Door Bolt,3600,26.5
1/16/2025, Ruihe-Nanjing,Wangxia,Door Bolt,16800,23.93
1/19/2025,Jiamei-Yangjiang,Linda,Sign plate ,1150,5.73
1/19/2025,Hanxin-Hangzhou,Linda,Door knocker,1000,36
1/19/2025,Keli-Hainan,Linda,Sign plate ,1000,5.9
1/19/2025,Weijia-Shanghai,Linda,Door Bolt,1200,25.21
1/19/2025,Haijiang-Ningbo,Wangxia,Door Bolt,500,28.21
1/19/2025, Ruihe-Nanjing,Linda,Door knocker,3520,36.7
1/19/2025,Xindi-Zhenjiang,Yeqing,Door Bolt,780,27.35
1/20/2025,Jinbai-Wenzhou,Wangxia,Door stopper,800,13.68
1/20/2025,Boyu-Qingdao,Wangxia,Door Bolt,500,27.78
1/20/2025, Dashun-Shenzhen,Yeqing,Door stopper,1500,13.25
1/20/2025,Hanxin-Hangzhou,Linda,Door Bolt,3800,26.07
1/20/2025,Keli-Hainan,Wangxia,Door knocker,2200,35.7
1/20/2025,Jiamei-Yangjiang,Linda,Door stopper,1000,13.5
1/20/2025,Weijia-Shanghai,Linda,Door Bolt,3600,26.5
1/20/2025, Ruihe-Nanjing,Wangxia,Door Bolt,16800,23.93
1/21/2025,Jiamei-Yangjiang,Linda,Sign plate ,1150,5.73
1/21/2025,Hanxin-Hangzhou,Linda,Door knocker,1000,36
1/21/2025,Keli-Hainan,Linda,Sign plate ,1000,5.9
1/21/2025,Weijia-Shanghai,Linda,Door Bolt,1200,25.21
1/21/2025,Jiamei-Yangjiang,Linda,Door Bolt,600,27.18
1/21/2025,Hanxin-Hangzhou,Linda,Door stopper,1200,14.36
1/21/2025,Keli-Hainan,Wangxia,Door Bolt,360,26.92
1/22/2025,Weijia-Shanghai,Linda,Door stopper,600,14.44
1/22/2025,Haijiang-Ningbo,Yeqing,Sign plate ,600,6.75
1/22/2025, Ruihe-Nanjing,Linda,Door stopper,5600,13.68
1/22/2025,Xindi-Zhenjiang,Yeqing,Sign plate ,360,6.67
1/22/2025, Dashun-Shenzhen,Wangxia,Sign plate ,1280,5.64
1/22/2025,Jinbai-Wenzhou,Yeqing,Door Bolt,110,26.67
1/22/2025,Boyu-Qingdao,Yeqing,Door knocker,760,37.5
1/22/2025,Jiamei-Yangjiang,Linda,Sign plate ,1150,5.73
1/22/2025,Hanxin-Hangzhou,Linda,Door knocker,1000,36
1/23/2025,Keli-Hainan,Linda,Sign plate ,1000,5.9
1/23/2025,Weijia-Shanghai,Linda,Door Bolt,1200,25.21
1/23/2025,Haijiang-Ningbo,Wangxia,Door Bolt,500,28.21
1/23/2025, Ruihe-Nanjing,Linda,Door knocker,3520,36.7
1/23/2025,Xindi-Zhenjiang,Yeqing,Door Bolt,780,27.35
1/23/2025,Jinbai-Wenzhou,Wangxia,Door stopper,800,13.68
1/23/2025,Boyu-Qingdao,Wangxia,Door Bolt,500,27.78
1/26/2025, Dashun-Shenzhen,Yeqing,Door stopper,1500,13.25
1/26/2025,Hanxin-Hangzhou,Linda,Door Bolt,3800,26.07
1/26/2025,Keli-Hainan,Wangxia,Door knocker,2200,35.7
1/26/2025,Jiamei-Yangjiang,Linda,Door stopper,1000,13.5
1/26/2025,Weijia-Shanghai,Linda,Door Bolt,3600,26.5
1/26/2025, Ruihe-Nanjing,Wangxia,Door Bolt,16800,23.93
1/26/2025,Jiamei-Yangjiang,Linda,Sign plate ,1150,5.73
1/27/2025,Hanxin-Hangzhou,Linda,Door knocker,1000,36
1/27/2025,Keli-Hainan,Linda,Sign plate ,1000,5.9
1/27/2025,Weijia-Shanghai,Linda,Door Bolt,1200,25.21
1/27/2025,Haijiang-Ningbo,Wangxia,Door Bolt,500,28.21
1/27/2025, Ruihe-Nanjing,Linda,Door knocker,3520,36.7
1/27/2025,Xindi-Zhenjiang,Yeqing,Door Bolt,780,27.35
1/27/2025,Jinbai-Wenzhou,Wangxia,Door stopper,800,13.68
1/28/2025,Boyu-Qingdao,Wangxia,Door Bolt,500,27.78
1/28/2025, Dashun-Shenzhen,Yeqing,Door stopper,1500,13.25
1/28/2025,Hanxin-Hangzhou,Linda,Door Bolt,3800,26.07
1/28/2025,Keli-Hainan,Wangxia,Door knocker,2200,35.7
1/28/2025,Jiamei-Yangjiang,Linda,Door stopper,1000,13.5
1/29/2025,Weijia-Shanghai,Linda,Door Bolt,3600,26.5
1/29/2025, Ruihe-Nanjing,Wangxia,Door Bolt,16800,23.93
1/29/2025,Jiamei-Yangjiang,Linda,Sign plate ,1150,5.73
1/29/2025,Hanxin-Hangzhou,Linda,Door knocker,1000,36
1/29/2025,Keli-Hainan,Linda,Sign plate ,1000,5.9
1/29/2025,Weijia-Shanghai,Linda,Door Bolt,1200,25.21
1/29/2025,Jiamei-Yangjiang,Linda,Door Bolt,600,27.18
1/29/2025,Hanxin-Hangzhou,Linda,Door stopper,1200,14.36
1/30/2025,Keli-Hainan,Wangxia,Door Bolt,360,26.92
1/30/2025,Weijia-Shanghai,Linda,Door stopper,600,14.44
1/30/2025,Haijiang-Ningbo,Yeqing,Sign plate ,600,6.75
1/30/2025, Ruihe-Nanjing,Linda,Door stopper,5600,13.68
1/30/2025,Xindi-Zhenjiang,Yeqing,Sign plate ,360,6.67
1/30/2025, Dashun-Shenzhen,Wangxia,Sign plate ,1280,5.64
1/30/2025,Jinbai-Wenzhou,Yeqing,Door Bolt,110,26.67
2/2/2025,Boyu-Qingdao,Yeqing,Door knocker,760,37.5
2/2/2025,Jiamei-Yangjiang,Linda,Sign plate ,1150,5.73
2/2/2025,Hanxin-Hangzhou,Linda,Door knocker,1000,36
2/2/2025,Keli-Hainan,Linda,Sign plate ,1000,5.9
2/2/2025,Weijia-Shanghai,Linda,Door Bolt,1200,25.21
2/2/2025,Haijiang-Ningbo,Wangxia,Door Bolt,500,28.21
2/3/2025, Ruihe-Nanjing,Linda,Door knocker,3520,36.7
2/3/2025,Xindi-Zhenjiang,Yeqing,Door Bolt,780,27.35
2/3/2025,Jinbai-Wenzhou,Wangxia,Door stopper,800,13.68
2/3/2025,Boyu-Qingdao,Wangxia,Door Bolt,500,27.78
2/4/2025, Dashun-Shenzhen,Yeqing,Door stopper,1500,13.25
2/4/2025,Hanxin-Hangzhou,Linda,Door Bolt,3800,26.07
2/4/2025,Keli-Hainan,Wangxia,Door knocker,2200,35.7
2/4/2025,Jiamei-Yangjiang,Linda,Door stopper,1000,13.5
2/4/2025,Weijia-Shanghai,Linda,Door Bolt,3600,26.5
2/4/2025, Ruihe-Nanjing,Wangxia,Door Bolt,16800,23.93
2/4/2025,Jiamei-Yangjiang,Linda,Sign plate ,1150,5.73
2/4/2025,Hanxin-Hangzhou,Linda,Door knocker,1000,36
2/4/2025,Keli-Hainan,Linda,Sign plate ,1000,5.9
2/5/2025,Weijia-Shanghai,Linda,Door Bolt,1200,25.21
2/5/2025,Haijiang-Ningbo,Wangxia,Door Bolt,500,28.21
2/5/2025, Ruihe-Nanjing,Linda,Door knocker,3520,36.7
2/5/2025,Xindi-Zhenjiang,Yeqing,Door Bolt,780,27.35
2/5/2025,Jinbai-Wenzhou,Wangxia,Door stopper,800,13.68
2/5/2025,Boyu-Qingdao,Wangxia,Door Bolt,500,27.78
2/5/2025, Dashun-Shenzhen,Yeqing,Door stopper,1500,13.25
2/6/2025,Hanxin-Hangzhou,Linda,Door Bolt,3800,26.07
2/6/2025,Keli-Hainan,Wangxia,Door knocker,2200,35.7
2/6/2025,Jiamei-Yangjiang,Linda,Door stopper,1000,13.5
2/6/2025,Weijia-Shanghai,Linda,Door Bolt,3600,26.5
2/6/2025, Ruihe-Nanjing,Wangxia,Door Bolt,16800,23.93
2/6/2025,Jiamei-Yangjiang,Linda,Sign plate ,1150,5.73
2/9/2025,Hanxin-Hangzhou,Linda,Door knocker,1000,36
2/9/2025,Keli-Hainan,Linda,Sign plate ,1000,5.9
2/9/2025,Weijia-Shanghai,Linda,Door Bolt,1200,25.21
2/9/2025,Weijia-Shanghai,Linda,Door Bolt,3600,26.5
2/10/2025, Ruihe-Nanjing,Wangxia,Door Bolt,16800,23.93
2/10/2025,Jiamei-Yangjiang,Linda,Sign plate ,1150,5.73
2/10/2025,Hanxin-Hangzhou,Linda,Door knocker,1000,36
2/10/2025,Keli-Hainan,Linda,Sign plate ,1000,5.9
2/10/2025,Weijia-Shanghai,Linda,Door Bolt,1200,25.21
2/10/2025,Haijiang-Ningbo,Wangxia,Door Bolt,500,28.21
2/10/2025, Ruihe-Nanjing,Linda,Door knocker,3520,36.7
2/11/2025,Xindi-Zhenjiang,Yeqing,Door Bolt,780,27.35
2/11/2025,Jinbai-Wenzhou,Wangxia,Door stopper,800,13.68
2/11/2025,Boyu-Qingdao,Wangxia,Door Bolt,500,27.78
2/11/2025, Dashun-Shenzhen,Yeqing,Door stopper,1500,13.25
6/12/2025,Hanxin-Hangzhou,Linda,Door Bolt,3800,26.07
2/12/2025,Keli-Hainan,Wangxia,Door knocker,2200,35.7
2/12/2025,Jiamei-Yangjiang,Linda,Door stopper,1000,13.5
6/12/2025,Weijia-Shanghai,Linda,Door Bolt,3600,26.5
2/12/2025, Ruihe-Nanjing,Wangxia,Door Bolt,16800,23.93
2/12/2025,Jiamei-Yangjiang,Linda,Sign plate ,1150,5.73
2/12/2025,Hanxin-Hangzhou,Linda,Door knocker,1000,36
2/12/2025,Keli-Hainan,Linda,Sign plate ,1000,5.9
6/12/2025,Weijia-Shanghai,Linda,Door Bolt,1200,25.21
6/12/2025,Weijia-Shanghai,Linda,Door Bolt,3600,26.5
2/13/2025, Ruihe-Nanjing,Wangxia,Door Bolt,16800,23.93
2/13/2025,Jiamei-Yangjiang,Linda,Sign plate ,1150,5.73
2/16/2025,Hanxin-Hangzhou,Linda,Door knocker,1000,36
2/16/2025,Keli-Hainan,Linda,Sign plate ,1000,5.9
6/12/2025,Weijia-Shanghai,Linda,Door Bolt,1200,25.21
2/16/2025,Haijiang-Ningbo,Wangxia,Door Bolt,500,28.21
2/16/2025, Ruihe-Nanjing,Linda,Door knocker,3520,36.7
2/16/2025,Xindi-Zhenjiang,Yeqing,Door Bolt,780,27.35
2/16/2025,Jinbai-Wenzhou,Wangxia,Door stopper,800,13.68
2/17/2025,Boyu-Qingdao,Wangxia,Door Bolt,500,27.78
2/17/2025, Dashun-Shenzhen,Yeqing,Door stopper,1500,13.25
6/12/2025,Hanxin-Hangzhou,Linda,Door Bolt,3800,26.07
2/18/2025,Keli-Hainan,Wangxia,Door knocker,2200,35.7
2/18/2025,Jiamei-Yangjiang,Linda,Door stopper,1000,13.5
6/12/2025,Weijia-Shanghai,Linda,Door Bolt,3600,26.5
2/18/2025, Ruihe-Nanjing,Wangxia,Door Bolt,16800,23.93
2/18/2025,Jiamei-Yangjiang,Linda,Sign plate ,1150,5.73
2/18/2025,Hanxin-Hangzhou,Linda,Door knocker,1000,36
2/18/2025,Keli-Hainan,Linda,Sign plate ,1000,5.9
6/12/2025,Weijia-Shanghai,Linda,Door Bolt,1200,25.21
6/12/2025,Jiamei-Yangjiang,Linda,Door Bolt,600,27.18
2/18/2025,Hanxin-Hangzhou,Linda,Door stopper,1200,14.36
2/18/2025,Keli-Hainan,Wangxia,Door Bolt,360,26.92
2/19/2025,Weijia-Shanghai,Linda,Door stopper,600,14.44
2/19/2025,Haijiang-Ningbo,Yeqing,Sign plate ,600,6.75
2/19/2025, Ruihe-Nanjing,Linda,Door stopper,5600,13.68
2/19/2025,Xindi-Zhenjiang,Yeqing,Sign plate ,360,6.67
2/20/2025, Dashun-Shenzhen,Wangxia,Sign plate ,1280,5.64
2/20/2025,Jinbai-Wenzhou,Yeqing,Door Bolt,110,26.67
2/20/2025,Boyu-Qingdao,Yeqing,Door knocker,760,37.5
2/23/2025,Jiamei-Yangjiang,Linda,Sign plate ,1150,5.73
2/23/2025,Hanxin-Hangzhou,Linda,Door knocker,1000,36
2/23/2025,Keli-Hainan,Linda,Sign plate ,1000,5.9
6/12/2025,Weijia-Shanghai,Linda,Door Bolt,1200,25.21
2/24/2025,Haijiang-Ningbo,Wangxia,Door Bolt,500,28.21
2/24/2025, Ruihe-Nanjing,Linda,Door knocker,3520,36.7
2/24/2025,Xindi-Zhenjiang,Yeqing,Door Bolt,780,27.35
2/24/2025,Jinbai-Wenzhou,Wangxia,Door stopper,800,13.68
2/24/2025,Boyu-Qingdao,Wangxia,Door Bolt,500,27.78
2/24/2025, Dashun-Shenzhen,Yeqing,Door stopper,1500,13.25
2/25/2025,Hanxin-Hangzhou,Linda,Door Bolt,3800,26.07
2/25/2025,Keli-Hainan,Wangxia,Door knocker,2200,35.7
2/26/2025,Jiamei-Yangjiang,Linda,Door stopper,1000,13.5
2/26/2025,Weijia-Shanghai,Linda,Door Bolt,3600,26.5
2/26/2025, Ruihe-Nanjing,Wangxia,Door Bolt,16800,23.93
2/26/2025,Jiamei-Yangjiang,Linda,Sign plate ,1150,5.73
2/26/2025,Hanxin-Hangzhou,Linda,Door knocker,1000,36
2/26/2025,Keli-Hainan,Linda,Sign plate ,1000,5.9
2/26/2025,Weijia-Shanghai,Linda,Door Bolt,1200,25.21
2/26/2025,Haijiang-Ningbo,Wangxia,Door Bolt,500,28.21
2/26/2025, Ruihe-Nanjing,Linda,Door knocker,3520,36.7
2/26/2025,Xindi-Zhenjiang,Yeqing,Door Bolt,780,27.35
2/26/2025,Jinbai-Wenzhou,Wangxia,Door stopper,800,13.68
2/26/2025,Boyu-Qingdao,Wangxia,Door Bolt,500,27.78
2/26/2025, Dashun-Shenzhen,Yeqing,Door stopper,1500,13.25
2/26/2025,Hanxin-Hangzhou,Linda,Door Bolt,3800,26.07
2/26/2025,Keli-Hainan,Wangxia,Door knocker,2200,35.7
2/26/2025,Jiamei-Yangjiang,Linda,Door stopper,1000,13.5
2/27/2025,Weijia-Shanghai,Linda,Door Bolt,3600,26.5
2/27/2025, Ruihe-Nanjing,Wangxia,Door Bolt,16800,23.93
2/27/2025,Jiamei-Yangjiang,Linda,Sign plate ,1150,5.73
2/27/2025,Hanxin-Hangzhou,Linda,Door knocker,1000,36
2/27/2025,Keli-Hainan,Linda,Sign plate ,1000,5.9
2/27/2025,Weijia-Shanghai,Linda,Door Bolt,1200,25.21
2/27/2025,Haijiang-Ningbo,Wangxia,Door Bolt,500,28.21
3/2/2025, Ruihe-Nanjing,Linda,Door knocker,3520,36.7
3/2/2025,Xindi-Zhenjiang,Yeqing,Door Bolt,780,27.35
3/2/2025,Jinbai-Wenzhou,Wangxia,Door stopper,800,13.68
3/2/2025,Boyu-Qingdao,Wangxia,Door Bolt,500,27.78
3/2/2025, Dashun-Shenzhen,Yeqing,Door stopper,1500,13.25
3/2/2025,Hanxin-Hangzhou,Linda,Door Bolt,3800,26.07
3/2/2025,Keli-Hainan,Wangxia,Door knocker,2200,35.7
3/3/2025,Jiamei-Yangjiang,Linda,Door stopper,1000,13.5
3/3/2025,Weijia-Shanghai,Linda,Door Bolt,3600,26.5
3/3/2025, Ruihe-Nanjing,Wangxia,Door Bolt,16800,23.93
3/3/2025,Jiamei-Yangjiang,Linda,Door Bolt,600,27.18
3/3/2025,Hanxin-Hangzhou,Linda,Door stopper,1200,14.36
3/3/2025,Keli-Hainan,Wangxia,Door Bolt,360,26.92
3/3/2025,Weijia-Shanghai,Linda,Door stopper,600,14.44
3/3/2025,Haijiang-Ningbo,Yeqing,Sign plate ,600,6.75
3/4/2025, Ruihe-Nanjing,Linda,Door stopper,5600,13.68
3/4/2025,Xindi-Zhenjiang,Yeqing,Sign plate ,360,6.67
3/4/2025, Dashun-Shenzhen,Wangxia,Sign plate ,1280,5.64
3/4/2025,Jinbai-Wenzhou,Yeqing,Door Bolt,110,26.67
3/4/2025,Boyu-Qingdao,Yeqing,Door knocker,760,37.5
3/4/2025,Jiamei-Yangjiang,Linda,Sign plate ,1150,5.73
3/4/2025,Hanxin-Hangzhou,Linda,Door knocker,1000,36
3/4/2025,Keli-Hainan,Linda,Sign plate ,1000,5.9
3/4/2025,Weijia-Shanghai,Linda,Door Bolt,1200,25.21
3/5/2025,Haijiang-Ningbo,Wangxia,Door Bolt,500,28.21
3/5/2025, Ruihe-Nanjing,Linda,Door knocker,3520,36.7
3/5/2025,Xindi-Zhenjiang,Yeqing,Door Bolt,780,27.35
3/5/2025,Jinbai-Wenzhou,Wangxia,Door stopper,800,13.68
3/5/2025,Boyu-Qingdao,Wangxia,Door Bolt,500,27.78
3/5/2025, Dashun-Shenzhen,Yeqing,Door stopper,1500,13.25
3/5/2025,Hanxin-Hangzhou,Linda,Door Bolt,3800,26.07
3/5/2025,Keli-Hainan,Wangxia,Door knocker,2200,35.7
3/6/2025,Jiamei-Yangjiang,Linda,Door stopper,1000,13.5
3/6/2025,Weijia-Shanghai,Linda,Door Bolt,3600,26.5
3/6/2025, Ruihe-Nanjing,Wangxia,Door Bolt,16800,23.93
3/6/2025,Jiamei-Yangjiang,Linda,Sign plate ,1150,5.73
3/6/2025,Hanxin-Hangzhou,Linda,Door knocker,1000,36
3/6/2025,Keli-Hainan,Linda,Sign plate ,1000,5.9
3/6/2025,Weijia-Shanghai,Linda,Door Bolt,1200,25.21
3/6/2025,Haijiang-Ningbo,Wangxia,Door Bolt,500,28.21
3/6/2025, Ruihe-Nanjing,Linda,Door knocker,3520,36.7
3/6/2025,Xindi-Zhenjiang,Yeqing,Door Bolt,780,27.35
3/6/2025,,Linda,Door stopper,1230,13.68
3/6/2025,Jinbai-Wenzhou,Wangxia,Door stopper,800,13.68
3/6/2025,Boyu-Qingdao,Wangxia,Door Bolt,500,27.78
3/9/2025, Dashun-Shenzhen,Yeqing,Door stopper,1500,13.25
3/9/2025,Hanxin-Hangzhou,Linda,Door Bolt,3800,26.07
3/9/2025,Keli-Hainan,Wangxia,Door knocker,2200,35.7
3/9/2025,Jiamei-Yangjiang,Linda,Door stopper,1000,13.5
3/9/2025,Weijia-Shanghai,Linda,Door Bolt,3600,26.5
3/10/2025, Ruihe-Nanjing,Wangxia,Door Bolt,16800,23.93
3/10/2025,Jiamei-Yangjiang,Linda,Sign plate ,1150,5.73
3/10/2025,Hanxin-Hangzhou,Linda,Door knocker,1000,36
3/10/2025,Keli-Hainan,Linda,Sign plate ,1000,5.9
6/10/2025,Weijia-Shanghai,Linda,Door knocker,1200,25.21
6/10/2025,Jiamei-Yangjiang,Linda,Door knocker,600,27.18
3/10/2025,Hanxin-Hangzhou,Linda,Door stopper,1200,14.36
3/10/2025,Keli-Hainan,Wangxia,Door Bolt,360,26.92
3/11/2025,Weijia-Shanghai,Linda,Door stopper,600,14.44
3/11/2025,Haijiang-Ningbo,Yeqing,Sign plate ,600,6.75
3/11/2025, Ruihe-Nanjing,Linda,Door stopper,5600,13.68
3/11/2025,Xindi-Zhenjiang,Yeqing,Sign plate ,360,6.67
3/11/2025, Dashun-Shenzhen,Wangxia,Sign plate ,1280,5.64
3/11/2025,Jinbai-Wenzhou,Yeqing,Door Bolt,110,26.67
3/11/2025,Boyu-Qingdao,Yeqing,Door knocker,760,37.5
3/11/2025,Jiamei-Yangjiang,Linda,Sign plate ,1150,5.73
3/11/2025,Hanxin-Hangzhou,Linda,Door knocker,1000,36
3/11/2025,Keli-Hainan,Linda,Sign plate ,1000,5.9
6/10/2025,Weijia-Shanghai,Linda,Door knocker,1200,25.21
6/12/2025,Haijiang-Ningbo,Wangxia,Door stopper,500,28.21
3/12/2025, Ruihe-Nanjing,Linda,Door knocker,3520,36.7
3/12/2025,Xindi-Zhenjiang,Yeqing,Door Bolt,780,27.35
3/12/2025,Jinbai-Wenzhou,Wangxia,Door stopper,800,13.68
6/12/2025,Boyu-Qingdao,Wangxia,Door stopper,500,27.78
3/12/2025, Dashun-Shenzhen,Yeqing,Door stopper,1500,13.25
6/10/2025,Hanxin-Hangzhou,Linda,Door knocker,3800,26.07
3/13/2025,Keli-Hainan,Wangxia,Door knocker,2200,35.7
3/13/2025,Jiamei-Yangjiang,Linda,Door stopper,1000,13.5
6/10/2025,Weijia-Shanghai,Linda,Door knocker,3600,26.5
6/12/2025, Ruihe-Nanjing,Wangxia,Door stopper,16800,23.93
3/13/2025,Jiamei-Yangjiang,Linda,Sign plate ,1150,5.73
3/13/2025,Hanxin-Hangzhou,Linda,Door knocker,1000,36
3/13/2025,Keli-Hainan,Linda,Sign plate ,1000,5.9
6/10/2025,Weijia-Shanghai,Linda,Door knocker,1200,25.21
6/12/2025,Haijiang-Ningbo,Wangxia,Door stopper,500,28.21
3/16/2025, Ruihe-Nanjing,Linda,Door knocker,3520,36.7
3/16/2025,Xindi-Zhenjiang,Yeqing,Door Bolt,780,27.35
3/16/2025,Jinbai-Wenzhou,Wangxia,Door stopper,800,13.68
6/12/2025,Boyu-Qingdao,Wangxia,Door stopper,500,27.78
3/16/2025, Dashun-Shenzhen,Yeqing,Door stopper,1500,13.25
6/10/2025,Hanxin-Hangzhou,Linda,Door knocker,3800,26.07
3/16/2025,Keli-Hainan,Wangxia,Door knocker,2200,35.7
3/16/2025,Jiamei-Yangjiang,Linda,Door stopper,1000,13.5
6/10/2025,Weijia-Shanghai,Linda,Door knocker,3600,26.5
6/12/2025, Ruihe-Nanjing,Wangxia,Door stopper,16800,23.93
3/17/2025,Jiamei-Yangjiang,Linda,Sign plate ,1150,5.73
3/17/2025,Hanxin-Hangzhou,Linda,Door knocker,1000,36
3/17/2025,Keli-Hainan,Linda,Sign plate ,1000,5.9
6/10/2025,Weijia-Shanghai,Linda,Door knocker,1200,25.21
6/10/2025,Jiamei-Yangjiang,Linda,Door knocker,600,27.18
3/17/2025,Hanxin-Hangzhou,Linda,Door stopper,1200,14.36
6/12/2025,Keli-Hainan,Wangxia,Door stopper,360,26.92
3/18/2025,Weijia-Shanghai,Linda,Door stopper,600,14.44
3/18/2025,Haijiang-Ningbo,Yeqing,Sign plate ,600,6.75
3/18/2025, Ruihe-Nanjing,Linda,Door stopper,5600,13.68
3/18/2025,Xindi-Zhenjiang,Yeqing,Sign plate ,360,6.67
3/18/2025, Dashun-Shenzhen,Wangxia,Sign plate ,1280,5.64
3/18/2025,Jinbai-Wenzhou,Yeqing,Door Bolt,110,26.67
3/18/2025,Boyu-Qingdao,Yeqing,Door knocker,760,37.5
3/19/2025,Jiamei-Yangjiang,Linda,Sign plate ,1150,5.73
3/19/2025,Hanxin-Hangzhou,Linda,Door knocker,1000,36
3/19/2025,Keli-Hainan,Linda,Sign plate ,1000,5.9
6/10/2025,Weijia-Shanghai,Linda,Door knocker,1200,25.21
5/12/2025,Haijiang-Ningbo,Wangxia,Sign plate ,500,28.21
3/19/2025, Ruihe-Nanjing,Linda,Door knocker,3520,36.7
3/19/2025,Xindi-Zhenjiang,Yeqing,Door Bolt,780,27.35
3/19/2025,Jinbai-Wenzhou,Wangxia,Door stopper,800,13.68
5/12/2025,Boyu-Qingdao,Wangxia,Sign plate ,500,27.78
3/19/2025, Dashun-Shenzhen,Yeqing,Door stopper,1500,13.25
6/20/2025,Hanxin-Hangzhou,Linda,Sign plate ,3800,26.07
3/20/2025,Keli-Hainan,Wangxia,Door knocker,2200,35.7
3/20/2025,Jiamei-Yangjiang,Linda,Door stopper,1000,13.5
6/20/2025,Weijia-Shanghai,Linda,Sign plate ,3600,26.5
5/12/2025, Ruihe-Nanjing,Wangxia,Sign plate ,16800,23.93
3/20/2025,Jiamei-Yangjiang,Linda,Sign plate ,1150,5.73
3/20/2025,Hanxin-Hangzhou,Linda,Door knocker,1000,36
3/23/2025,Keli-Hainan,Linda,Sign plate ,1000,5.9
6/20/2025,Weijia-Shanghai,Linda,Sign plate ,1200,25.21
5/12/2025,Haijiang-Ningbo,Wangxia,Sign plate ,500,28.21
3/23/2025, Ruihe-Nanjing,Linda,Door knocker,3520,36.7
3/23/2025,Xindi-Zhenjiang,Yeqing,Door Bolt,780,27.35
3/23/2025,Jinbai-Wenzhou,Wangxia,Door stopper,800,13.68
5/12/2025,Boyu-Qingdao,Wangxia,Door Bolt,500,27.78
3/24/2025, Dashun-Shenzhen,Yeqing,Door stopper,1500,13.25
6/20/2025,Hanxin-Hangzhou,Linda,Sign plate ,3800,26.07
3/24/2025,Keli-Hainan,Wangxia,Door knocker,2200,35.7
3/24/2025,Jiamei-Yangjiang,Linda,Door stopper,1000,13.5
6/20/2025,Weijia-Shanghai,Linda,Sign plate ,3600,26.5
5/12/2025, Ruihe-Nanjing,Wangxia,Door Bolt,16800,23.93
3/25/2025,Jiamei-Yangjiang,Linda,Sign plate ,1150,5.73
3/25/2025,Hanxin-Hangzhou,Linda,Door knocker,1000,36
3/25/2025,Keli-Hainan,Linda,Sign plate ,1000,5.9
6/20/2025,Weijia-Shanghai,Linda,Sign plate ,1200,25.21
6/20/2025,Weijia-Shanghai,Linda,Sign plate ,3600,26.5
5/12/2025, Ruihe-Nanjing,Wangxia,Door Bolt,16800,23.93
3/26/2025,Jiamei-Yangjiang,Linda,Sign plate ,1150,5.73
3/26/2025,Hanxin-Hangzhou,Linda,Door knocker,1000,36
3/26/2025,Keli-Hainan,Linda,Sign plate ,1000,5.9
6/20/2025,Weijia-Shanghai,Linda,Sign plate ,1200,25.21
3/26/2025,Haijiang-Ningbo,Wangxia,Door Bolt,500,28.21
3/26/2025, Ruihe-Nanjing,Linda,Door knocker,3520,36.7
3/26/2025,Xindi-Zhenjiang,Yeqing,Door Bolt,780,27.35
3/26/2025,Jinbai-Wenzhou,Wangxia,Door stopper,800,13.68
3/26/2025,Boyu-Qingdao,Wangxia,Door Bolt,500,27.78
3/26/2025, Dashun-Shenzhen,Yeqing,Door stopper,1500,13.25
6/20/2025,Hanxin-Hangzhou,Linda,Sign plate ,3800,26.07
3/26/2025,Keli-Hainan,Wangxia,Door knocker,2200,35.7
3/27/2025,Jiamei-Yangjiang,Linda,Door stopper,1000,13.5
6/20/2025,Weijia-Shanghai,Linda,Sign plate ,3600,26.5
3/27/2025, Ruihe-Nanjing,Wangxia,Door Bolt,16800,23.93
3/27/2025,Jiamei-Yangjiang,Linda,Sign plate ,1150,5.73
3/27/2025,Hanxin-Hangzhou,Linda,Door knocker,1000,36
3/27/2025,Keli-Hainan,Linda,Sign plate ,1000,5.9
3/30/2025,Weijia-Shanghai,Linda,Door Bolt,1200,25.21
3/30/2025,Weijia-Shanghai,Linda,Door Bolt,3600,26.5
3/30/2025, Ruihe-Nanjing,Wangxia,Door Bolt,16800,23.93
3/30/2025,Jiamei-Yangjiang,Linda,Sign plate ,1150,5.73
3/30/2025,Hanxin-Hangzhou,Linda,Door knocker,1000,36
3/30/2025,Keli-Hainan,Linda,Sign plate ,1000,5.9
3/30/2025,Weijia-Shanghai,Linda,Door Bolt,1200,25.21
3/30/2025,Haijiang-Ningbo,Wangxia,Door Bolt,500,28.21
3/30/2025, Ruihe-Nanjing,Linda,Door knocker,3520,36.7
3/30/2025,Xindi-Zhenjiang,Yeqing,Door Bolt,780,27.35
3/31/2025,Jinbai-Wenzhou,Wangxia,Door stopper,800,13.68
3/31/2025,Boyu-Qingdao,Wangxia,Door Bolt,500,27.78
3/31/2025, Dashun-Shenzhen,Yeqing,Door stopper,1500,13.25
3/31/2025,Hanxin-Hangzhou,Linda,Door Bolt,3800,26.07
3/31/2025,Keli-Hainan,Wangxia,Door knocker,2200,35.7
3/31/2025,Jiamei-Yangjiang,Linda,Door stopper,1000,13.5
3/31/2025,Weijia-Shanghai,Linda,Door Bolt,3600,26.5
3/31/2025, Ruihe-Nanjing,Wangxia,Door Bolt,16800,23.93
4/1/2025,Jiamei-Yangjiang,Linda,Sign plate ,1150,5.73
4/1/2025,Hanxin-Hangzhou,Linda,Door knocker,1000,36
4/1/2025,Keli-Hainan,Linda,Sign plate ,1000,5.9
4/1/2025,Weijia-Shanghai,Linda,Door Bolt,1200,25.21
4/1/2025,Jiamei-Yangjiang,Linda,Door Bolt,600,27.18
4/1/2025,Hanxin-Hangzhou,Linda,Door stopper,1200,14.36
4/1/2025,Keli-Hainan,Wangxia,Door Bolt,360,26.92
4/1/2025,Weijia-Shanghai,Linda,Door stopper,600,14.44
4/1/2025,Haijiang-Ningbo,Yeqing,Sign plate ,600,6.75
4/1/2025, Ruihe-Nanjing,Linda,Door stopper,5600,13.68
4/2/2025,Xindi-Zhenjiang,Yeqing,Sign plate ,360,6.67
4/2/2025, Dashun-Shenzhen,Wangxia,Sign plate ,1280,5.64
4/2/2025,Jinbai-Wenzhou,Yeqing,Door Bolt,110,26.67
4/2/2025,Boyu-Qingdao,Yeqing,Door knocker,760,37.5
4/3/2025,Jiamei-Yangjiang,Linda,Sign plate ,1150,5.73
4/3/2025,Hanxin-Hangzhou,Linda,Door knocker,1000,36
4/3/2025,Keli-Hainan,Linda,Sign plate ,1000,5.9
4/3/2025,Weijia-Shanghai,Linda,Door Bolt,1200,25.21
4/3/2025,Haijiang-Ningbo,Wangxia,Door Bolt,500,28.21
4/3/2025, Ruihe-Nanjing,Linda,Door knocker,3520,36.7
4/3/2025,Xindi-Zhenjiang,Yeqing,Door Bolt,780,27.35
4/3/2025,Jinbai-Wenzhou,Wangxia,Door stopper,800,13.68
4/3/2025,Boyu-Qingdao,Wangxia,Door Bolt,500,27.78
4/3/2025, Dashun-Shenzhen,Yeqing,Door stopper,1500,13.25
4/6/2025,Hanxin-Hangzhou,Linda,Door Bolt,3800,26.07
4/6/2025,Keli-Hainan,Wangxia,Door knocker,2200,35.7
4/6/2025,Jiamei-Yangjiang,Linda,Door stopper,1000,13.5
4/6/2025,Weijia-Shanghai,Linda,Door Bolt,3600,26.5
4/6/2025, Ruihe-Nanjing,Wangxia,Door Bolt,16800,23.93
4/6/2025,Jiamei-Yangjiang,Linda,Sign plate ,1150,5.73
4/6/2025,Hanxin-Hangzhou,Linda,Door knocker,1000,36
4/6/2025,Keli-Hainan,Linda,Sign plate ,1000,5.9
4/6/2025,Weijia-Shanghai,Linda,Door Bolt,1200,25.21
4/6/2025,Haijiang-Ningbo,Wangxia,Door Bolt,500,28.21
4/6/2025, Ruihe-Nanjing,Linda,Door knocker,3520,36.7
4/6/2025,Xindi-Zhenjiang,Yeqing,Door Bolt,780,27.35
4/6/2025,Jinbai-Wenzhou,Wangxia,Door stopper,800,13.68
4/6/2025,Boyu-Qingdao,Wangxia,Door Bolt,500,27.78
4/7/2025, Dashun-Shenzhen,Yeqing,Door stopper,1500,13.25
4/7/2025,Hanxin-Hangzhou,Linda,Door Bolt,3800,26.07
4/7/2025,Keli-Hainan,Wangxia,Door knocker,2200,35.7
4/7/2025,Jiamei-Yangjiang,Linda,Door stopper,1000,13.5
4/7/2025,Weijia-Shanghai,Linda,Door Bolt,3600,26.5
4/7/2025, Ruihe-Nanjing,Wangxia,Door Bolt,16800,23.93
4/8/2025,Jiamei-Yangjiang,Linda,Sign plate ,1150,5.73
4/8/2025,Hanxin-Hangzhou,Linda,Door knocker,1000,36
4/8/2025,Keli-Hainan,Linda,Sign plate ,1000,5.9
4/8/2025,Weijia-Shanghai,Linda,Door Bolt,1200,25.21
4/8/2025,Haijiang-Ningbo,Wangxia,Door Bolt,500,28.21
4/8/2025, Ruihe-Nanjing,Linda,Door knocker,3520,36.7
4/8/2025,Xindi-Zhenjiang,Yeqing,Door Bolt,780,27.35
4/8/2025,Jinbai-Wenzhou,Wangxia,Door stopper,800,13.68
4/8/2025,Boyu-Qingdao,Wangxia,Door Bolt,500,27.78
6/9/2025, Dashun-Shenzhen,Yeqing,Door stopper,1500,13.25
6/9/2025,Hanxin-Hangzhou,Linda,Door Bolt,3800,26.07
6/9/2025,Keli-Hainan,Wangxia,Door knocker,2200,35.7
6/9/2025,Jiamei-Yangjiang,Linda,Door stopper,1000,13.5
6/9/2025,Weijia-Shanghai,Linda,Door Bolt,3600,26.5
6/9/2025, Ruihe-Nanjing,Wangxia,Door Bolt,16800,23.93
6/9/2025,Jiamei-Yangjiang,Linda,Door Bolt,600,27.18
6/9/2025,Hanxin-Hangzhou,Linda,Door stopper,1200,14.36
6/9/2025,Keli-Hainan,Wangxia,Door Bolt,360,26.92
6/9/2025,Weijia-Shanghai,Linda,Door stopper,600,14.44
6/9/2025,Haijiang-Ningbo,Yeqing,Sign plate ,600,6.75
6/9/2025, Ruihe-Nanjing,Linda,Door stopper,5600,13.68
6/9/2025,Xindi-Zhenjiang,Yeqing,Sign plate ,360,6.67
6/9/2025, Dashun-Shenzhen,Wangxia,Sign plate ,1280,5.64
6/9/2025,Jinbai-Wenzhou,Yeqing,Door Bolt,110,26.67
6/9/2025,Boyu-Qingdao,Yeqing,Door knocker,760,37.5
4/13/2025,Jiamei-Yangjiang,Linda,Sign plate ,1150,5.73
4/13/2025,Hanxin-Hangzhou,Linda,Door knocker,1000,36
4/13/2025,Keli-Hainan,Linda,Sign plate ,1000,5.9
4/13/2025,Weijia-Shanghai,Linda,Door Bolt,1200,25.21
4/13/2025,Haijiang-Ningbo,Wangxia,Door Bolt,500,28.21
4/13/2025, Ruihe-Nanjing,Linda,Door knocker,3520,36.7
5/13/2025,Xindi-Zhenjiang,Yeqing,Door knocker,780,27.35
4/13/2025,Jinbai-Wenzhou,Wangxia,Door stopper,800,13.68
4/14/2025,Boyu-Qingdao,Wangxia,Door Bolt,500,27.78
4/14/2025, Dashun-Shenzhen,Yeqing,Door stopper,1500,13.25
4/14/2025,Hanxin-Hangzhou,Linda,Door Bolt,3800,26.07
4/14/2025,Keli-Hainan,Wangxia,Door knocker,2200,35.7
4/14/2025,Jiamei-Yangjiang,Linda,Door stopper,1000,13.5
4/14/2025,Weijia-Shanghai,Linda,Door Bolt,3600,26.5
4/14/2025, Ruihe-Nanjing,Wangxia,Door Bolt,16800,23.93
4/14/2025,Jiamei-Yangjiang,Linda,Sign plate ,1150,5.73
4/14/2025,Hanxin-Hangzhou,Linda,Door knocker,1000,36
4/14/2025,Keli-Hainan,Linda,Sign plate ,1000,5.9
4/15/2025,Weijia-Shanghai,Linda,Door Bolt,1200,25.21
4/15/2025,Haijiang-Ningbo,Wangxia,Door Bolt,500,28.21
4/15/2025, Ruihe-Nanjing,Linda,Door knocker,3520,36.7
5/13/2025,Xindi-Zhenjiang,Yeqing,Door knocker,780,27.35
4/15/2025,Jinbai-Wenzhou,Wangxia,Door stopper,800,13.68
4/15/2025,Boyu-Qingdao,Wangxia,Door Bolt,500,27.78
4/15/2025, Dashun-Shenzhen,Yeqing,Door stopper,1500,13.25
4/15/2025,Hanxin-Hangzhou,Linda,Door Bolt,3800,26.07
4/16/2025,Keli-Hainan,Wangxia,Door knocker,2200,35.7
4/16/2025,Jiamei-Yangjiang,Linda,Door stopper,1000,13.5
4/16/2025,Weijia-Shanghai,Linda,Door Bolt,3600,26.5
4/16/2025, Ruihe-Nanjing,Wangxia,Door Bolt,16800,23.93
4/16/2025,Jiamei-Yangjiang,Linda,Sign plate ,1150,5.73
4/16/2025,Hanxin-Hangzhou,Linda,Door knocker,1000,36
4/17/2025,Keli-Hainan,Linda,Sign plate ,1000,5.9
4/17/2025,Weijia-Shanghai,Linda,Door Bolt,1200,25.21
4/17/2025,Jiamei-Yangjiang,Linda,Door Bolt,600,27.18
4/17/2025,Hanxin-Hangzhou,Linda,Door stopper,1200,14.36
4/17/2025,Keli-Hainan,Wangxia,Door Bolt,360,26.92
4/17/2025,Weijia-Shanghai,Linda,Door stopper,600,14.44
4/17/2025,Haijiang-Ningbo,Yeqing,Sign plate ,600,6.75
4/17/2025, Ruihe-Nanjing,Linda,Door stopper,5600,13.68
4/17/2025,Xindi-Zhenjiang,Yeqing,Sign plate ,360,6.67
4/17/2025, Dashun-Shenzhen,Wangxia,Sign plate ,1280,5.64
5/13/2025,Jinbai-Wenzhou,Yeqing,Door knocker,110,26.67
4/17/2025,Boyu-Qingdao,Yeqing,Door knocker,760,37.5
4/17/2025,Jiamei-Yangjiang,Linda,Sign plate ,1150,5.73
4/17/2025,Hanxin-Hangzhou,Linda,Door knocker,1000,36
4/20/2025,Keli-Hainan,Linda,Sign plate ,1000,5.9
4/20/2025,Weijia-Shanghai,Linda,Door Bolt,1200,25.21
4/20/2025,Haijiang-Ningbo,Wangxia,Door Bolt,500,28.21
4/20/2025, Ruihe-Nanjing,Linda,Door knocker,3520,36.7
4/20/2025,Xindi-Zhenjiang,Yeqing,Door Bolt,780,27.35
4/20/2025,Jinbai-Wenzhou,Wangxia,Door stopper,800,13.68
4/20/2025,Boyu-Qingdao,Wangxia,Door Bolt,500,27.78
4/20/2025, Dashun-Shenzhen,Yeqing,Door stopper,1500,13.25
4/20/2025,Hanxin-Hangzhou,Linda,Door Bolt,3800,26.07
4/21/2025,Keli-Hainan,Wangxia,Door knocker,2200,35.7
4/21/2025,Jiamei-Yangjiang,Linda,Door stopper,1000,13.5
4/21/2025,Weijia-Shanghai,Linda,Door Bolt,3600,26.5
4/21/2025, Ruihe-Nanjing,Wangxia,Door Bolt,16800,23.93
4/21/2025,Jiamei-Yangjiang,Linda,Sign plate ,1150,5.73
4/21/2025,Hanxin-Hangzhou,Linda,Door knocker,1000,36
4/21/2025,Keli-Hainan,Linda,Sign plate ,1000,5.9
4/21/2025,Weijia-Shanghai,Linda,Door Bolt,1200,25.21
4/22/2025,Haijiang-Ningbo,Wangxia,Door Bolt,500,28.21
4/22/2025, Ruihe-Nanjing,Linda,Door knocker,3520,36.7
4/22/2025,Xindi-Zhenjiang,Yeqing,Door Bolt,780,27.35
4/22/2025,Jinbai-Wenzhou,Wangxia,Door stopper,800,13.68
4/22/2025,Boyu-Qingdao,Wangxia,Door Bolt,500,27.78
4/22/2025, Dashun-Shenzhen,Yeqing,Door stopper,1500,13.25
4/23/2025,Hanxin-Hangzhou,Linda,Door Bolt,3800,26.07
4/23/2025,Keli-Hainan,Wangxia,Door knocker,2200,35.7
4/23/2025,Jiamei-Yangjiang,Linda,Door stopper,1000,13.5
4/23/2025,Weijia-Shanghai,Linda,Door Bolt,3600,26.5
4/23/2025, Ruihe-Nanjing,Wangxia,Door Bolt,16800,23.93
4/23/2025,Jiamei-Yangjiang,Linda,Sign plate ,1150,5.73
4/24/2025,Hanxin-Hangzhou,Linda,Door knocker,1000,36
4/24/2025,Keli-Hainan,Linda,Sign plate ,1000,5.9
4/24/2025,Weijia-Shanghai,Linda,Door Bolt,1200,25.21
4/24/2025,Jiamei-Yangjiang,Linda,Door Bolt,600,27.18
4/24/2025,Hanxin-Hangzhou,Linda,Door stopper,1200,14.36
4/27/2025,Keli-Hainan,Wangxia,Door Bolt,360,26.92
4/27/2025,Weijia-Shanghai,Linda,Door stopper,600,14.44
4/27/2025,Haijiang-Ningbo,Yeqing,Sign plate ,600,6.75
4/27/2025, Ruihe-Nanjing,Linda,Door stopper,5600,13.68
4/27/2025,Xindi-Zhenjiang,Yeqing,Sign plate ,360,6.67
4/27/2025, Dashun-Shenzhen,Wangxia,Sign plate ,1280,5.64
4/27/2025,Jinbai-Wenzhou,Yeqing,Door Bolt,110,26.67
4/28/2025,Boyu-Qingdao,Yeqing,Door knocker,760,37.5
4/28/2025,Jiamei-Yangjiang,Linda,Sign plate ,1150,5.73
4/28/2025,Hanxin-Hangzhou,Linda,Door knocker,1000,36
4/28/2025,Keli-Hainan,Linda,Sign plate ,1000,5.9
4/28/2025,Weijia-Shanghai,Linda,Door Bolt,1200,25.21
4/28/2025,Haijiang-Ningbo,Wangxia,Door Bolt,500,28.21
4/28/2025, Ruihe-Nanjing,Linda,Door knocker,3520,36.7
4/28/2025,Xindi-Zhenjiang,Yeqing,Door Bolt,780,27.35
4/28/2025,Jinbai-Wenzhou,Wangxia,Door stopper,800,13.68
4/29/2025,Boyu-Qingdao,Wangxia,Door Bolt,500,27.78
4/29/2025, Dashun-Shenzhen,Yeqing,Door stopper,1500,13.25
4/29/2025,Hanxin-Hangzhou,Linda,Door Bolt,3800,26.07
4/29/2025,Keli-Hainan,Wangxia,Door knocker,2200,35.7
4/29/2025,Jiamei-Yangjiang,Linda,Door stopper,1000,13.5
4/29/2025,Weijia-Shanghai,Linda,Door Bolt,3600,26.5
4/29/2025, Ruihe-Nanjing,Wangxia,Door Bolt,16800,23.93
4/30/2025,Jiamei-Yangjiang,Linda,Sign plate ,1150,5.73
4/30/2025,Hanxin-Hangzhou,Linda,Door knocker,1000,36
4/30/2025,Keli-Hainan,Linda,Sign plate ,1000,5.9
4/30/2025,Weijia-Shanghai,Linda,Door Bolt,1200,25.21
4/30/2025,Haijiang-Ningbo,Wangxia,Door Bolt,500,28.21
4/30/2025, Ruihe-Nanjing,Linda,Door knocker,3520,36.7
4/30/2025,Xindi-Zhenjiang,Yeqing,Door Bolt,780,27.35
4/30/2025,Jinbai-Wenzhou,Wangxia,Door stopper,800,13.68
5/1/2025,Boyu-Qingdao,Wangxia,Door Bolt,500,27.78
5/1/2025, Dashun-Shenzhen,Yeqing,Door stopper,1500,13.25
5/1/2025,Hanxin-Hangzhou,Linda,Door Bolt,3800,26.07
5/1/2025,Keli-Hainan,Wangxia,Door knocker,2200,35.7
5/1/2025,Jiamei-Yangjiang,Linda,Door stopper,1000,13.5
5/1/2025,Weijia-Shanghai,Linda,Door Bolt,3600,26.5
5/1/2025, Ruihe-Nanjing,Wangxia,Door Bolt,16800,23.93
5/1/2025,Jiamei-Yangjiang,Linda,Sign plate ,1150,5.73
5/1/2025,Hanxin-Hangzhou,Linda,Door knocker,1000,36
5/1/2025,Keli-Hainan,Linda,Sign plate ,1000,5.9
5/4/2025,Weijia-Shanghai,Linda,Door Bolt,1200,25.21
5/4/2025,Weijia-Shanghai,Linda,Door Bolt,3600,26.5
5/4/2025, Ruihe-Nanjing,Wangxia,Door Bolt,16800,23.93
5/4/2025,Jiamei-Yangjiang,Linda,Sign plate ,1150,5.73
5/4/2025,Hanxin-Hangzhou,Linda,Door knocker,1000,36
5/5/2025,Keli-Hainan,Linda,Sign plate ,1000,5.9
5/5/2025,Weijia-Shanghai,Linda,Door Bolt,1200,25.21
5/5/2025,Haijiang-Ningbo,Wangxia,Door Bolt,500,28.21
5/5/2025, Ruihe-Nanjing,Linda,Door knocker,3520,36.7
5/5/2025,Xindi-Zhenjiang,Yeqing,Door Bolt,780,27.35
5/5/2025,Jinbai-Wenzhou,Wangxia,Door stopper,800,13.68
5/5/2025,Boyu-Qingdao,Wangxia,Door Bolt,500,27.78
5/5/2025, Dashun-Shenzhen,Yeqing,Door stopper,1500,13.25
5/5/2025,Hanxin-Hangzhou,Linda,Door Bolt,3800,26.07
5/5/2025,Keli-Hainan,Wangxia,Door knocker,2200,35.7
5/5/2025,Jiamei-Yangjiang,Linda,Door stopper,1000,13.5
5/5/2025,Weijia-Shanghai,Linda,Door Bolt,3600,26.5
5/6/2025, Ruihe-Nanjing,Wangxia,Door Bolt,16800,23.93
5/6/2025,Jiamei-Yangjiang,Linda,Sign plate ,1150,5.73
5/6/2025,Hanxin-Hangzhou,Linda,Door knocker,1000,36
5/6/2025,Keli-Hainan,Linda,Sign plate ,1000,5.9
5/6/2025,Weijia-Shanghai,Linda,Door Bolt,1200,25.21
5/6/2025,Weijia-Shanghai,Linda,Door Bolt,3600,26.5
5/6/2025, Ruihe-Nanjing,Wangxia,Door Bolt,16800,23.93
5/6/2025,Jiamei-Yangjiang,Linda,Sign plate ,1150,5.73
5/6/2025,Hanxin-Hangzhou,Linda,Door knocker,1000,36
5/6/2025,Keli-Hainan,Linda,Sign plate ,1000,5.9
5/6/2025,Weijia-Shanghai,Linda,Door Bolt,1200,25.21
5/6/2025,Haijiang-Ningbo,Wangxia,Door Bolt,500,28.21
5/6/2025, Ruihe-Nanjing,Linda,Door knocker,3520,36.7
5/6/2025,Xindi-Zhenjiang,Yeqing,Door Bolt,780,27.35
5/6/2025,Jinbai-Wenzhou,Wangxia,Door stopper,800,13.68
5/6/2025,Boyu-Qingdao,Wangxia,Door Bolt,500,27.78
5/6/2025, Dashun-Shenzhen,Yeqing,Door stopper,1500,13.25
5/6/2025,Hanxin-Hangzhou,Linda,Door Bolt,3800,26.07
5/6/2025,Keli-Hainan,Wangxia,Door knocker,2200,35.7
5/6/2025,Jiamei-Yangjiang,Linda,Door stopper,1000,13.5
5/6/2025,Keli-Hainan,Yeqing,Sign plate ,,5.9
5/6/2025,Weijia-Shanghai,Linda,Door Bolt,3600,26.5
5/6/2025, Ruihe-Nanjing,Wangxia,Door Bolt,16800,23.93
5/6/2025,Jiamei-Yangjiang,Linda,Sign plate ,1150,5.73
5/6/2025,Hanxin-Hangzhou,Linda,Door knocker,1000,36
5/6/2025,Keli-Hainan,Linda,Sign plate ,1000,5.9
5/6/2025,Weijia-Shanghai,Linda,Door Bolt,1200,25.21
5/6/2025,Jiamei-Yangjiang,Linda,Door Bolt,600,27.18
5/6/2025,Hanxin-Hangzhou,Linda,Door stopper,1200,14.36
5/6/2025,Keli-Hainan,Wangxia,Door Bolt,360,26.92
5/6/2025,Weijia-Shanghai,Linda,Door stopper,600,14.44
5/6/2025,Haijiang-Ningbo,Yeqing,Sign plate ,600,6.75
5/6/2025, Ruihe-Nanjing,Linda,Door stopper,5600,13.68
7/4/2025,Xindi-Zhenjiang,Yeqing,Sign plate ,360,6.67
7/4/2025, Dashun-Shenzhen,Wangxia,Sign plate ,1280,5.64
7/4/2025,Jinbai-Wenzhou,Yeqing,Door Bolt,110,26.67
7/5/2025,Boyu-Qingdao,Yeqing,Door knocker,760,37.5
7/5/2025,Jiamei-Yangjiang,Linda,Sign plate ,1150,5.73
7/8/2025,Hanxin-Hangzhou,Linda,Door knocker,1000,36
7/8/2025,Keli-Hainan,Linda,Sign plate ,1000,5.9
7/8/2025,Weijia-Shanghai,Linda,Door Bolt,1200,25.21
7/8/2025,Haijiang-Ningbo,Wangxia,Door Bolt,500,28.21
7/8/2025, Ruihe-Nanjing,Linda,Door knocker,3520,36.7
7/8/2025,Xindi-Zhenjiang,Yeqing,Door Bolt,780,27.35
7/9/2025,Jinbai-Wenzhou,Wangxia,Door stopper,800,13.68
7/9/2025,Boyu-Qingdao,Wangxia,Door Bolt,500,27.78
7/9/2025, Dashun-Shenzhen,Yeqing,Door stopper,1500,13.25
7/10/2025,Hanxin-Hangzhou,Linda,Door Bolt,3800,26.07
7/10/2025,Keli-Hainan,Wangxia,Door knocker,2200,35.7
7/10/2025,Jiamei-Yangjiang,Linda,Door stopper,1000,13.5
7/11/2025,Weijia-Shanghai,Linda,Door Bolt,3600,26.5
7/11/2025, Ruihe-Nanjing,Wangxia,Door Bolt,16800,23.93
7/11/2025,Jiamei-Yangjiang,Linda,Sign plate ,1150,5.73
7/12/2025,Hanxin-Hangzhou,Linda,Door knocker,1000,36
7/12/2025,Keli-Hainan,Linda,Sign plate ,1000,5.9
7/12/2025,Weijia-Shanghai,Linda,Door Bolt,1200,25.21
7/12/2025,Haijiang-Ningbo,Wangxia,Door Bolt,500,28.21
7/15/2025, Ruihe-Nanjing,Linda,Door knocker,3520,36.7
7/15/2025,Xindi-Zhenjiang,Yeqing,Door Bolt,780,27.35
7/16/2025,Jinbai-Wenzhou,Wangxia,Door stopper,800,13.68
7/16/2025,Boyu-Qingdao,Wangxia,Door Bolt,500,27.78
7/16/2025, Dashun-Shenzhen,Yeqing,Door stopper,1500,13.25
7/17/2025,Hanxin-Hangzhou,Linda,Door Bolt,3800,26.07
7/17/2025,Keli-Hainan,Wangxia,Door knocker,2200,35.7
7/17/2025,Jiamei-Yangjiang,Linda,Door stopper,1000,13.5
7/18/2025,Weijia-Shanghai,Linda,Door Bolt,3600,26.5
7/18/2025, Ruihe-Nanjing,Wangxia,Door Bolt,16800,23.93
7/19/2025,Jiamei-Yangjiang,Linda,Sign plate ,1150,5.73
7/19/2025,Hanxin-Hangzhou,Linda,Door knocker,1000,36
7/19/2025,Keli-Hainan,Linda,Sign plate ,1000,5.9
7/19/2025,Weijia-Shanghai,Linda,Door Bolt,1200,25.21
7/19/2025,Haijiang-Ningbo,Wangxia,Door Bolt,500,28.21
7/19/2025, Ruihe-Nanjing,Linda,Door knocker,3520,36.7
7/22/2025,Xindi-Zhenjiang,Yeqing,Door Bolt,780,27.35
7/22/2025,Jinbai-Wenzhou,Wangxia,Door stopper,800,13.68
7/22/2025,Boyu-Qingdao,Wangxia,Door Bolt,500,27.78
7/23/2025, Dashun-Shenzhen,Yeqing,Door stopper,1500,13.25
7/23/2025,Hanxin-Hangzhou,Linda,Door Bolt,3800,26.07
7/23/2025,Keli-Hainan,Wangxia,Door knocker,2200,35.7
7/23/2025,Jiamei-Yangjiang,Linda,Door stopper,1000,13.5
7/24/2025,Weijia-Shanghai,Linda,Door Bolt,3600,26.5
7/24/2025, Ruihe-Nanjing,Wangxia,Door Bolt,16800,23.93
7/25/2025,Jiamei-Yangjiang,Linda,Door Bolt,600,27.18
7/25/2025,Hanxin-Hangzhou,Linda,Door stopper,1200,14.36
7/26/2025,Keli-Hainan,Wangxia,Door Bolt,360,26.92
7/29/2025,Weijia-Shanghai,Linda,Door stopper,600,14.44
7/29/2025,Haijiang-Ningbo,Yeqing,Sign plate ,600,6.75
7/29/2025, Ruihe-Nanjing,Linda,Door stopper,5600,13.68
7/30/2025,Xindi-Zhenjiang,Yeqing,Sign plate ,360,6.67
7/30/2025, Dashun-Shenzhen,Wangxia,Sign plate ,1280,5.64
7/31/2025,Jinbai-Wenzhou,Yeqing,Door Bolt,110,26.67
7/31/2025,Boyu-Qingdao,Yeqing,Door knocker,760,37.5
8/1/2025,Jiamei-Yangjiang,Linda,Sign plate ,1150,5.73
8/1/2025,Hanxin-Hangzhou,Linda,Door knocker,1000,36
8/1/2025,Keli-Hainan,Linda,Sign plate ,1000,5.9
8/2/2025,Weijia-Shanghai,Linda,Door Bolt,1200,25.21
8/2/2025,Haijiang-Ningbo,Wangxia,Door Bolt,500,28.21
8/2/2025, Ruihe-Nanjing,Linda,Door knocker,3520,36.7
8/5/2025,Xindi-Zhenjiang,Yeqing,Door Bolt,780,27.35
8/5/2025,Jinbai-Wenzhou,Wangxia,Door stopper,800,13.68
8/5/2025,Boyu-Qingdao,Wangxia,Door Bolt,500,27.78
8/5/2025, Dashun-Shenzhen,Yeqing,Door stopper,1500,13.25
8/5/2025,Hanxin-Hangzhou,Linda,Door Bolt,3800,26.07
8/6/2025,Keli-Hainan,Wangxia,Door knocker,2200,35.7
8/6/2025,Jiamei-Yangjiang,Linda,Door stopper,1000,13.5
8/7/2025,Weijia-Shanghai,Linda,Door Bolt,3600,26.5
8/7/2025, Ruihe-Nanjing,Wangxia,Door Bolt,16800,23.93
8/8/2025,Jiamei-Yangjiang,Linda,Sign plate ,1150,5.73
8/8/2025,Hanxin-Hangzhou,Linda,Door knocker,1000,36
8/9/2025,Keli-Hainan,Linda,Sign plate ,1000,5.9
8/9/2025,Weijia-Shanghai,Linda,Door Bolt,1200,25.21
8/12/2025,Haijiang-Ningbo,Wangxia,Door Bolt,500,28.21
8/12/2025, Ruihe-Nanjing,Linda,Door knocker,3520,36.7
8/12/2025,Xindi-Zhenjiang,Yeqing,Door Bolt,780,27.35
8/12/2025,Jinbai-Wenzhou,Wangxia,Door stopper,800,13.68
8/13/2025,Boyu-Qingdao,Wangxia,Door Bolt,500,27.78
8/14/2025, Dashun-Shenzhen,Yeqing,Door stopper,1500,13.25
8/14/2025,Hanxin-Hangzhou,Linda,Door Bolt,3800,26.07
8/14/2025,Keli-Hainan,Wangxia,Door knocker,2200,35.7
8/14/2025,Jiamei-Yangjiang,Linda,Door stopper,1000,13.5
8/14/2025,Weijia-Shanghai,Linda,Door Bolt,3600,26.5
8/14/2025, Ruihe-Nanjing,Wangxia,Door Bolt,16800,23.93
8/15/2025,Jiamei-Yangjiang,Linda,Sign plate ,1150,5.73
8/15/2025,Hanxin-Hangzhou,Linda,Door knocker,1000,36
8/16/2025,Keli-Hainan,Linda,Sign plate ,1000,5.9
8/16/2025,Hanxin-Hangzhou,,,846,
8/16/2025,Weijia-Shanghai,Linda,Door Bolt,1200,25.21
8/16/2025,Jiamei-Yangjiang,Linda,Door Bolt,600,27.18
8/16/2025,Hanxin-Hangzhou,Linda,Door stopper,1200,14.36
8/19/2025,Keli-Hainan,Wangxia,Door Bolt,360,26.92
8/19/2025,Weijia-Shanghai,Linda,Door stopper,600,14.44
8/19/2025,Haijiang-Ningbo,Yeqing,Sign plate ,600,6.75
8/19/2025, Ruihe-Nanjing,Linda,Door stopper,5600,13.68
8/20/2025,Xindi-Zhenjiang,Yeqing,Sign plate ,360,6.67
8/20/2025, Dashun-Shenzhen,Wangxia,Sign plate ,1280,5.64
8/20/2025,Jinbai-Wenzhou,Yeqing,Door Bolt,110,26.67
8/21/2025,Boyu-Qingdao,Yeqing,Door knocker,760,37.5
8/21/2025,Jiamei-Yangjiang,Linda,Sign plate ,1150,5.73
8/22/2025,Hanxin-Hangzhou,Linda,Door knocker,1000,36
8/22/2025,Keli-Hainan,Linda,Sign plate ,1000,5.9
8/22/2025,Weijia-Shanghai,Linda,Door Bolt,1200,25.21
8/23/2025,Haijiang-Ningbo,Wangxia,Door Bolt,500,28.21
8/23/2025, Ruihe-Nanjing,Linda,Door knocker,3520,36.7
8/26/2025,Xindi-Zhenjiang,Yeqing,Door Bolt,780,27.35
8/26/2025,Jinbai-Wenzhou,Wangxia,Door stopper,800,13.68
8/27/2025,Boyu-Qingdao,Wangxia,Door Bolt,500,27.78
8/27/2025, Dashun-Shenzhen,Yeqing,Door stopper,1500,13.25
8/27/2025,Hanxin-Hangzhou,Linda,Door Bolt,3800,26.07
8/27/2025,Keli-Hainan,Wangxia,Door knocker,2200,35.7
8/27/2025,Jiamei-Yangjiang,Linda,Door stopper,1000,13.5
8/27/2025,Weijia-Shanghai,Linda,Door Bolt,3600,26.5
8/27/2025, Ruihe-Nanjing,Wangxia,Door Bolt,16800,23.93
8/28/2025,Jiamei-Yangjiang,Linda,Sign plate ,1150,5.73
8/29/2025,Hanxin-Hangzhou,Linda,Door knocker,1000,36
8/29/2025,Keli-Hainan,Linda,Sign plate ,1000,5.9
8/29/2025,Weijia-Shanghai,Linda,Door Bolt,1200,25.21
8/29/2025,Haijiang-Ningbo,Wangxia,Door Bolt,500,28.21
8/30/2025, Ruihe-Nanjing,Linda,Door knocker,3520,36.7
8/30/2025,Xindi-Zhenjiang,Yeqing,Door Bolt,780,27.35
8/30/2025,Jinbai-Wenzhou,Wangxia,Door stopper,800,13.68
8/30/2025,Boyu-Qingdao,Wangxia,Door Bolt,500,27.78
8/30/2025, Dashun-Shenzhen,Yeqing,Door stopper,1500,13.25
9/2/2025,Hanxin-Hangzhou,Linda,Door Bolt,3800,26.07
9/3/2025,Keli-Hainan,Wangxia,Door knocker,2200,35.7
9/3/2025,Jiamei-Yangjiang,Linda,Door stopper,1000,13.5
9/3/2025,Weijia-Shanghai,Linda,Door Bolt,3600,26.5
9/4/2025, Ruihe-Nanjing,Wangxia,Door Bolt,16800,23.93
9/4/2025,Jiamei-Yangjiang,Linda,Sign plate ,1150,5.73
9/5/2025,Hanxin-Hangzhou,Linda,Door knocker,1000,36
9/5/2025,Keli-Hainan,Linda,Sign plate ,1000,5.9
9/5/2025,Weijia-Shanghai,Linda,Door Bolt,1200,25.21
9/5/2025,Jiamei-Yangjiang,Linda,Door Bolt,600,27.18
9/6/2025,Hanxin-Hangzhou,Linda,Door stopper,1200,14.36
9/6/2025,Keli-Hainan,Wangxia,Door Bolt,360,26.92
9/9/2025,Weijia-Shanghai,Linda,Door stopper,600,14.44
9/9/2025,Haijiang-Ningbo,Yeqing,Sign plate ,600,6.75
9/9/2025, Ruihe-Nanjing,Linda,Door stopper,5600,13.68
9/9/2025,Xindi-Zhenjiang,Yeqing,Sign plate ,360,6.67
9/10/2025, Dashun-Shenzhen,Wangxia,Sign plate ,1280,5.64
9/10/2025,Jinbai-Wenzhou,Yeqing,Door Bolt,110,26.67
9/10/2025,Boyu-Qingdao,Yeqing,Door knocker,760,37.5
9/11/2025,Jiamei-Yangjiang,Linda,Sign plate ,1150,5.73
9/11/2025,Hanxin-Hangzhou,Linda,Door knocker,1000,36
9/11/2025,Keli-Hainan,Linda,Sign plate ,1000,5.9
9/12/2025,Weijia-Shanghai,Linda,Door Bolt,1200,25.21
9/12/2025,Haijiang-Ningbo,Wangxia,Door Bolt,500,28.21
9/12/2025, Ruihe-Nanjing,Linda,Door knocker,3520,36.7
9/13/2025,Xindi-Zhenjiang,Yeqing,Door Bolt,780,27.35
9/13/2025,Jinbai-Wenzhou,Wangxia,Door stopper,800,13.68
9/13/2025,Boyu-Qingdao,Wangxia,Door Bolt,500,27.78
9/16/2025, Dashun-Shenzhen,Yeqing,Door stopper,1500,13.25
9/16/2025,Hanxin-Hangzhou,Linda,Door Bolt,3800,26.07
9/16/2025,Keli-Hainan,Wangxia,Door knocker,2200,35.7
9/17/2025,Jiamei-Yangjiang,Linda,Door stopper,1000,13.5
9/17/2025,Weijia-Shanghai,Linda,Door Bolt,3600,26.5
9/18/2025, Ruihe-Nanjing,Wangxia,Door Bolt,16800,23.93
9/18/2025,Jiamei-Yangjiang,Linda,Sign plate ,1150,5.73
9/19/2025,Hanxin-Hangzhou,Linda,Door knocker,1000,36
9/19/2025,Keli-Hainan,Linda,Sign plate ,1000,5.9
9/19/2025,Weijia-Shanghai,Linda,Door Bolt,1200,25.21
9/19/2025,Haijiang-Ningbo,Wangxia,Door Bolt,500,28.21
9/19/2025, Ruihe-Nanjing,Linda,Door knocker,3520,36.7
9/20/2025,Xindi-Zhenjiang,Yeqing,Door Bolt,780,27.35
9/20/2025,Jinbai-Wenzhou,Wangxia,Door stopper,800,13.68
9/20/2025,Boyu-Qingdao,Wangxia,Door Bolt,500,27.78
9/20/2025, Dashun-Shenzhen,Yeqing,Door stopper,1500,13.25
9/23/2025,Hanxin-Hangzhou,Linda,Door Bolt,3800,26.07
9/23/2025,Keli-Hainan,Wangxia,Door knocker,2200,35.7
9/23/2025,Jiamei-Yangjiang,Linda,Door stopper,1000,13.5
9/23/2025,Weijia-Shanghai,Linda,Door Bolt,3600,26.5
9/24/2025, Ruihe-Nanjing,Wangxia,Door Bolt,16800,23.93
9/25/2025,Jiamei-Yangjiang,Linda,Sign plate ,1150,5.73
9/25/2025,Hanxin-Hangzhou,Linda,Door knocker,1000,36
9/25/2025,Keli-Hainan,Linda,Sign plate ,1000,5.9
9/26/2025,Weijia-Shanghai,Linda,Door Bolt,1200,25.21
9/26/2025,Weijia-Shanghai,Linda,Door Bolt,3600,26.5
9/27/2025, Ruihe-Nanjing,Wangxia,Door Bolt,16800,23.93
9/27/2025,Jiamei-Yangjiang,Linda,Sign plate ,1150,5.73
9/30/2025,Hanxin-Hangzhou,Linda,Door knocker,1000,36
10/1/2025,Keli-Hainan,Linda,Sign plate ,1000,5.9
10/1/2025,Weijia-Shanghai,Linda,Door Bolt,1200,25.21
10/2/2025,Haijiang-Ningbo,Wangxia,Door Bolt,500,28.21
10/2/2025, Ruihe-Nanjing,Linda,Door knocker,3520,36.7
10/2/2025,Xindi-Zhenjiang,Yeqing,Door Bolt,780,27.35
10/3/2025,Jinbai-Wenzhou,Wangxia,Door stopper,800,13.68
10/3/2025,Boyu-Qingdao,Wangxia,Door Bolt,500,27.78
10/4/2025, Dashun-Shenzhen,Yeqing,Door stopper,1500,13.25
10/7/2025,Hanxin-Hangzhou,Linda,Door Bolt,3800,26.07
10/7/2025,Keli-Hainan,Wangxia,Door knocker,2200,35.7
10/7/2025,Jiamei-Yangjiang,Linda,Door stopper,1000,13.5
10/8/2025,Weijia-Shanghai,Linda,Door Bolt,3600,26.5
10/8/2025, Ruihe-Nanjing,Wangxia,Door Bolt,16800,23.93
10/8/2025,Jiamei-Yangjiang,Linda,Sign plate ,1150,5.73
10/8/2025,Hanxin-Hangzhou,Linda,Door knocker,1000,36
10/8/2025,Keli-Hainan,Linda,Sign plate ,1000,5.9
10/9/2025,Weijia-Shanghai,Linda,Door Bolt,1200,25.21
10/9/2025,Weijia-Shanghai,Linda,Door Bolt,3600,26.5
10/9/2025, Ruihe-Nanjing,Wangxia,Door Bolt,16800,23.93
10/9/2025,Jiamei-Yangjiang,Linda,Sign plate ,1150,5.73
10/9/2025,Hanxin-Hangzhou,Linda,Door knocker,1000,36
10/10/2025,Keli-Hainan,Linda,Sign plate ,1000,5.9
10/10/2025,Weijia-Shanghai,Linda,Door Bolt,1200,25.21
10/10/2025,Haijiang-Ningbo,Wangxia,Door Bolt,500,28.21
10/11/2025, Ruihe-Nanjing,Linda,Door knocker,3520,36.7
10/11/2025,Xindi-Zhenjiang,Yeqing,Door Bolt,780,27.35
10/11/2025,Jinbai-Wenzhou,Wangxia,Door stopper,800,13.68
10/11/2025,Boyu-Qingdao,Wangxia,Door Bolt,500,27.78
10/14/2025, Dashun-Shenzhen,Yeqing,Door stopper,1500,13.25
10/14/2025,Hanxin-Hangzhou,Linda,Door Bolt,3800,26.07
10/14/2025,Keli-Hainan,Wangxia,Door knocker,2200,35.7
10/15/2025,Jiamei-Yangjiang,Linda,Door stopper,1000,13.5
10/15/2025,Weijia-Shanghai,Linda,Door Bolt,3600,26.5
10/15/2025, Ruihe-Nanjing,Wangxia,Door Bolt,16800,23.93
10/15/2025,Jiamei-Yangjiang,Linda,Sign plate ,1150,5.73
10/16/2025,Hanxin-Hangzhou,Linda,Door knocker,1000,36
10/16/2025,Keli-Hainan,Linda,Sign plate ,1000,5.9
10/16/2025,Weijia-Shanghai,Linda,Door Bolt,1200,25.21
10/17/2025,Jiamei-Yangjiang,Linda,Door Bolt,600,27.18
10/17/2025,Hanxin-Hangzhou,Linda,Door stopper,1200,14.36
10/17/2025,Keli-Hainan,Wangxia,Door Bolt,360,26.92
10/18/2025,Weijia-Shanghai,Linda,Door stopper,600,14.44
10/18/2025,Haijiang-Ningbo,Yeqing,Sign plate ,600,6.75
10/18/2025, Ruihe-Nanjing,Linda,Door stopper,5600,13.68
10/21/2025,Xindi-Zhenjiang,Yeqing,Sign plate ,360,6.67
10/21/2025, Dashun-Shenzhen,Wangxia,Sign plate ,1280,5.64
10/22/2025,Jinbai-Wenzhou,Yeqing,Door Bolt,110,26.67
10/22/2025,Boyu-Qingdao,Yeqing,Door knocker,760,37.5
10/22/2025,Jiamei-Yangjiang,Linda,Sign plate ,1150,5.73
10/22/2025,Hanxin-Hangzhou,Linda,Door knocker,1000,36
10/23/2025,Keli-Hainan,Linda,Sign plate ,1000,5.9
10/24/2025,Weijia-Shanghai,Linda,Door Bolt,1200,25.21
10/24/2025,Haijiang-Ningbo,Wangxia,Door Bolt,500,28.21
10/24/2025, Ruihe-Nanjing,Linda,Door knocker,3520,36.7
10/24/2025,Xindi-Zhenjiang,Yeqing,Door Bolt,780,27.35
10/24/2025,Jinbai-Wenzhou,Wangxia,Door stopper,800,13.68
10/25/2025,Boyu-Qingdao,Wangxia,Door Bolt,500,27.78
10/25/2025, Dashun-Shenzhen,Yeqing,Door stopper,1500,13.25
10/28/2025,Hanxin-Hangzhou,Linda,Door Bolt,3800,26.07
10/28/2025,Keli-Hainan,Wangxia,Door knocker,2200,35.7
10/28/2025,Jiamei-Yangjiang,Linda,Door stopper,1000,13.5
10/29/2025,Weijia-Shanghai,Linda,Door Bolt,3600,26.5
10/29/2025, Ruihe-Nanjing,Wangxia,Door Bolt,16800,23.93
10/29/2025,Jiamei-Yangjiang,Linda,Sign plate ,1150,5.73
10/29/2025,Hanxin-Hangzhou,Linda,Door knocker,1000,36
10/29/2025,Keli-Hainan,Linda,Sign plate ,1000,5.9
10/30/2025,Weijia-Shanghai,Linda,Door Bolt,1200,25.21
10/30/2025,Haijiang-Ningbo,Wangxia,Door Bolt,500,28.21
10/30/2025, Ruihe-Nanjing,Linda,Door knocker,3520,36.7
10/30/2025,Xindi-Zhenjiang,Yeqing,Door Bolt,780,27.35
10/31/2025,Jinbai-Wenzhou,Wangxia,Door stopper,800,13.68
10/31/2025,Boyu-Qingdao,Wangxia,Door Bolt,500,27.78
10/31/2025, Dashun-Shenzhen,Yeqing,Door stopper,1500,13.25
11/1/2025,Hanxin-Hangzhou,Linda,Door Bolt,3800,26.07
11/1/2025,Keli-Hainan,Wangxia,Door knocker,2200,35.7
11/4/2025,Jiamei-Yangjiang,Linda,Door stopper,1000,13.5
11/4/2025,Weijia-Shanghai,Linda,Door Bolt,3600,26.5
11/4/2025, Ruihe-Nanjing,Wangxia,Door Bolt,16800,23.93
11/5/2025,Jiamei-Yangjiang,Linda,Sign plate ,1150,5.73
11/5/2025,Hanxin-Hangzhou,Linda,Door knocker,1000,36
11/6/2025,Keli-Hainan,Linda,Sign plate ,1000,5.9
11/6/2025,Weijia-Shanghai,Linda,Door Bolt,1200,25.21
11/6/2025,Haijiang-Ningbo,Wangxia,Door Bolt,500,28.21
11/6/2025, Ruihe-Nanjing,Linda,Door knocker,3520,36.7
11/7/2025,Xindi-Zhenjiang,Yeqing,Door Bolt,780,27.35
11/7/2025,Jinbai-Wenzhou,Wangxia,Door stopper,800,13.68
11/8/2025,Boyu-Qingdao,Wangxia,Door Bolt,500,27.78
11/11/2025, Dashun-Shenzhen,Yeqing,Door stopper,1500,13.25
11/11/2025,Hanxin-Hangzhou,Linda,Door Bolt,3800,26.07
11/11/2025,Keli-Hainan,Wangxia,Door knocker,2200,35.7
11/11/2025,Jiamei-Yangjiang,Linda,Door stopper,1000,13.5
11/11/2025,Weijia-Shanghai,Linda,Door Bolt,3600,26.5
11/11/2025, Ruihe-Nanjing,Wangxia,Door Bolt,16800,23.93
11/11/2025,,,,,26.4
11/12/2025,Jiamei-Yangjiang,Linda,Door Bolt,600,27.18
11/12/2025,Hanxin-Hangzhou,Linda,Door stopper,1200,14.36
11/13/2025,Keli-Hainan,Wangxia,Door Bolt,360,26.92
11/13/2025,Weijia-Shanghai,Linda,Door stopper,600,14.44
11/14/2025,Haijiang-Ningbo,Yeqing,Sign plate ,600,6.75
11/14/2025, Ruihe-Nanjing,Linda,Door stopper,5600,13.68
11/15/2025,Xindi-Zhenjiang,Yeqing,Sign plate ,360,6.67
11/15/2025, Dashun-Shenzhen,Wangxia,Sign plate ,1280,5.64
11/18/2025,Jinbai-Wenzhou,Yeqing,Door Bolt,110,26.67
11/18/2025,Boyu-Qingdao,Yeqing,Door knocker,760,37.5
11/18/2025,Jiamei-Yangjiang,Linda,Sign plate ,1150,5.73
11/19/2025,Hanxin-Hangzhou,Linda,Door knocker,1000,36
11/19/2025,Keli-Hainan,Linda,Sign plate ,1000,5.9
11/19/2025,Weijia-Shanghai,Linda,Door Bolt,1200,25.21
11/20/2025,Haijiang-Ningbo,Wangxia,Door Bolt,500,28.21
11/20/2025, Ruihe-Nanjing,Linda,Door knocker,3520,36.7
11/20/2025,Xindi-Zhenjiang,Yeqing,Door Bolt,780,27.35
11/21/2025,Jinbai-Wenzhou,Wangxia,Door stopper,800,13.68
11/21/2025,Boyu-Qingdao,Wangxia,Door Bolt,500,27.78
11/21/2025, Dashun-Shenzhen,Yeqing,Door stopper,1500,13.25
11/22/2025,Hanxin-Hangzhou,Linda,Door Bolt,3800,26.07
11/22/2025,Keli-Hainan,Wangxia,Door knocker,2200,35.7
11/22/2025,Jiamei-Yangjiang,Linda,Door stopper,1000,13.5
11/22/2025,Weijia-Shanghai,Linda,Door Bolt,3600,26.5
11/22/2025, Ruihe-Nanjing,Wangxia,Door Bolt,16800,23.93
11/22/2025,Jiamei-Yangjiang,Linda,Sign plate ,1150,5.73
11/22/2025,Hanxin-Hangzhou,Linda,Door knocker,1000,36
11/25/2025,Keli-Hainan,Linda,Sign plate ,1000,5.9
11/25/2025,Weijia-Shanghai,Linda,Door Bolt,1200,25.21
11/25/2025,Haijiang-Ningbo,Wangxia,Door Bolt,500,28.21
11/26/2025, Ruihe-Nanjing,Linda,Door knocker,3520,36.7
11/26/2025,Xindi-Zhenjiang,Yeqing,Door Bolt,780,27.35
11/26/2025,Jinbai-Wenzhou,Wangxia,Door stopper,800,13.68
11/26/2025,Boyu-Qingdao,Wangxia,Door Bolt,500,27.78
11/26/2025, Dashun-Shenzhen,Yeqing,Door stopper,1500,13.25
11/27/2025,Hanxin-Hangzhou,Linda,Door Bolt,3800,26.07
11/28/2025,Keli-Hainan,Wangxia,Door knocker,2200,35.7
11/28/2025,Jiamei-Yangjiang,Linda,Door stopper,1000,13.5
11/28/2025,Weijia-Shanghai,Linda,Door Bolt,3600,26.5
11/28/2025, Ruihe-Nanjing,Wangxia,Door Bolt,16800,23.93
11/28/2025,Jiamei-Yangjiang,Linda,Sign plate ,1150,5.73
11/28/2025,Hanxin-Hangzhou,Linda,Door knocker,1000,36
11/29/2025,Keli-Hainan,Linda,Sign plate ,1000,5.9
11/29/2025,Weijia-Shanghai,Linda,Door Bolt,1200,25.21
11/29/2025,Jiamei-Yangjiang,Linda,Door Bolt,600,27.18
11/29/2025,Hanxin-Hangzhou,Linda,Door stopper,1200,14.36
12/2/2025,Keli-Hainan,Wangxia,Door Bolt,360,26.92
12/2/2025,Weijia-Shanghai,Linda,Door stopper,600,14.44
12/3/2025,Haijiang-Ningbo,Yeqing,Sign plate ,600,6.75
12/3/2025, Ruihe-Nanjing,Linda,Door stopper,5600,13.68
12/3/2025,Xindi-Zhenjiang,Yeqing,Sign plate ,360,6.67
12/3/2025, Dashun-Shenzhen,Wangxia,Sign plate ,1280,5.64
12/4/2025,Jinbai-Wenzhou,Yeqing,Door Bolt,110,26.67
12/4/2025,Boyu-Qingdao,Yeqing,Door knocker,760,37.5
12/4/2025,Jiamei-Yangjiang,Linda,Sign plate ,1150,5.73
12/4/2025,Hanxin-Hangzhou,Linda,Door knocker,1000,36
12/5/2025,Keli-Hainan,Linda,Sign plate ,1000,5.9
12/5/2025,Weijia-Shanghai,Linda,Door Bolt,1200,25.21
12/5/2025,Haijiang-Ningbo,Wangxia,Door Bolt,500,28.21
12/5/2025, Ruihe-Nanjing,Linda,Door knocker,3520,36.7
12/6/2025,Xindi-Zhenjiang,Yeqing,Door Bolt,780,27.35
12/6/2025,Jinbai-Wenzhou,Wangxia,Door stopper,800,13.68
12/9/2025,Boyu-Qingdao,Wangxia,Door Bolt,500,27.78
12/9/2025, Dashun-Shenzhen,Yeqing,Door stopper,1500,13.25
12/9/2025,Hanxin-Hangzhou,Linda,Door Bolt,3800,26.07
12/10/2025,Keli-Hainan,Wangxia,Door knocker,2200,35.7
12/11/2025,Jiamei-Yangjiang,Linda,Door stopper,1000,13.5
12/11/2025,Weijia-Shanghai,Linda,Door Bolt,3600,26.5
12/11/2025, Ruihe-Nanjing,Wangxia,Door Bolt,16800,23.93
12/12/2025,Jiamei-Yangjiang,Linda,Sign plate ,1150,5.73
12/12/2025,Hanxin-Hangzhou,Linda,Door knocker,1000,36
12/12/2025,Keli-Hainan,Linda,Sign plate ,1000,5.9
12/12/2025,Weijia-Shanghai,Linda,Door Bolt,1200,25.21
12/12/2025,Haijiang-Ningbo,Wangxia,Door Bolt,500,28.21
12/13/2025, Ruihe-Nanjing,Linda,Door knocker,3520,36.7
12/13/2025,Xindi-Zhenjiang,Yeqing,Door Bolt,780,27.35
12/13/2025,Jinbai-Wenzhou,Wangxia,Door stopper,800,13.68
12/13/2025,Boyu-Qingdao,Wangxia,Door Bolt,500,27.78
12/13/2025, Dashun-Shenzhen,Yeqing,Door stopper,1500,13.25
12/16/2025,Hanxin-Hangzhou,Linda,Door Bolt,3800,26.07
12/16/2025,Keli-Hainan,Wangxia,Door knocker,2200,35.7
12/16/2025,Jiamei-Yangjiang,Linda,Door stopper,1000,13.5
12/16/2025,Weijia-Shanghai,Linda,Door Bolt,3600,26.5
12/16/2025, Ruihe-Nanjing,Wangxia,Door Bolt,16800,23.93
12/17/2025,Jiamei-Yangjiang,Linda,Sign plate ,1150,5.73
12/17/2025,Hanxin-Hangzhou,Linda,Door knocker,1000,36
12/17/2025,Keli-Hainan,Linda,Sign plate ,1000,5.9
12/18/2025,Weijia-Shanghai,Linda,Door Bolt,1200,25.21
12/18/2025,Jiamei-Yangjiang,Linda,Door Bolt,600,27.18
12/18/2025,Hanxin-Hangzhou,Linda,Door stopper,1200,14.36
12/18/2025,Keli-Hainan,Wangxia,Door Bolt,360,26.92
12/18/2025,Weijia-Shanghai,Linda,Door stopper,600,14.44
12/18/2025,Haijiang-Ningbo,Yeqing,Sign plate ,600,6.75
12/19/2025, Ruihe-Nanjing,Linda,Door stopper,5600,13.68
12/19/2025,Xindi-Zhenjiang,Yeqing,Sign plate ,360,6.67
12/19/2025, Dashun-Shenzhen,Wangxia,Sign plate ,1280,5.64
12/20/2025,Jinbai-Wenzhou,Yeqing,Door Bolt,110,26.67
12/20/2025,Boyu-Qingdao,Yeqing,Door knocker,760,37.5
12/20/2025,Jiamei-Yangjiang,Linda,Sign plate ,1150,5.73
12/20/2025,Hanxin-Hangzhou,Linda,Door knocker,1000,36
12/23/2025,Keli-Hainan,Linda,Sign plate ,1000,5.9
12/23/2025,Weijia-Shanghai,Linda,Door Bolt,1200,25.21
12/23/2025,Haijiang-Ningbo,Wangxia,Door Bolt,500,28.21
12/23/2025, Ruihe-Nanjing,Linda,Door knocker,3520,36.7
12/23/2025,Xindi-Zhenjiang,Yeqing,Door Bolt,780,27.35
12/24/2025,Jinbai-Wenzhou,Wangxia,Door stopper,800,13.68
12/25/2025,Boyu-Qingdao,Wangxia,Door Bolt,500,27.78
12/25/2025, Dashun-Shenzhen,Yeqing,Door stopper,1500,13.25
12/25/2025,Hanxin-Hangzhou,Linda,Door Bolt,3800,26.07
12/25/2025,Keli-Hainan,Wangxia,Door knocker,2200,35.7
12/25/2025,Jiamei-Yangjiang,Linda,Door stopper,1000,13.5
12/25/2025,Weijia-Shanghai,Linda,Door Bolt,3600,26.5
12/25/2025, Ruihe-Nanjing,Wangxia,Door Bolt,16800,23.93
12/26/2025,Jiamei-Yangjiang,Linda,Sign plate ,1150,5.73
12/26/2025,Hanxin-Hangzhou,Linda,Door knocker,1000,36
12/26/2025,Keli-Hainan,Linda,Sign plate ,1000,5.9
12/27/2025,Weijia-Shanghai,Linda,Door Bolt,1200,25.21
12/27/2025,Haijiang-Ningbo,Wangxia,Door Bolt,500,28.21
12/27/2025, Ruihe-Nanjing,Linda,Door knocker,3520,36.7
12/27/2025,Xindi-Zhenjiang,Yeqing,Door Bolt,780,27.35
12/27/2025,Jinbai-Wenzhou,Wangxia,Door stopper,800,13.68
12/30/2025,Boyu-Qingdao,Wangxia,Door Bolt,500,27.78
12/30/2025, Dashun-Shenzhen,Yeqing,Door stopper,1500,13.25
12/31/2025,Hanxin-Hangzhou,Linda,Door Bolt,3800,26.07
12/31/2025,Keli-Hainan,Wangxia,Door knocker,2200,35.7
12/31/2025,Jiamei-Yangjiang,Linda,Door stopper,1000,13.5
12/31/2025,Weijia-Shanghai,Linda,Door Bolt,3600,26.5
